,City,Country,Lat,Lng,Date,Cloudiness,Humidity,Max Temp,Wind Speed
0,Port Elizabeth,ZA,-33.92,25.57,1584227514,95,82,66.2,11.41
1,Rundu,NA,-17.93,19.77,1584227514,86,83,71.6,3.36
2,Ilulissat,GL,69.22,-51.1,1584227515,98,70,1.4,6.93
3,Albany,US,42.6,-73.97,1584227516,75,48,42.01,16.11
4,Rikitea,PF,-23.12,-134.97,1584227516,0,78,78.26,12.12
5,Hithadhoo,MV,-0.6,73.08,1584227517,64,64,82.83,3.47
6,Mount Gambier,AU,-37.83,140.77,1584227517,90,62,57.2,8.05
7,Saint-Philippe,RE,-21.36,55.77,1584227518,59,83,77.0,8.05
8,Ushuaia,AR,-54.8,-68.3,1584227335,40,62,53.6,6.93
9,Saint Paul Harbor,US,57.79,-152.41,1584227519,1,59,37.4,3.36
10,Hasaki,JP,35.73,140.83,1584227520,20,80,39.2,6.93
11,Vaini,TO,-21.2,-175.2,1584227522,75,79,86.0,18.34
12,Kruisfontein,ZA,-34.0,24.73,1584227522,26,85,62.74,7.72
13,Bunda,TZ,-2.05,33.87,1584227346,98,92,65.73,2.35
14,Sistranda,NO,63.73,8.83,1584227524,99,64,36.0,23.04
15,Port Hardy,CA,50.7,-127.42,1584227316,5,32,39.2,13.87
16,Batouri,CM,4.43,14.37,1584227525,98,22,78.96,2.13
17,Marapanim,BR,-0.72,-47.7,1584227464,100,83,81.46,10.76
18,Atuona,PF,-9.8,-139.03,1584227526,21,72,82.04,10.89
19,George Town,MY,5.41,100.34,1584227483,20,83,82.4,3.36
20,Bredasdorp,ZA,-34.53,20.04,1584227528,83,82,66.2,3.36
21,Arosa,CH,46.78,9.68,1584227528,40,79,41.0,2.24
22,Mocuba,MZ,-16.84,36.99,1584227529,61,98,70.7,2.95
23,Amapá,BR,1.0,-52.0,1584227530,100,95,74.68,4.9
24,Kasongo-Lunda,CD,-6.47,16.82,1584227531,100,95,69.42,1.12
25,Bluff,NZ,-46.6,168.33,1584227531,100,74,62.01,4.0
26,Faya,SA,18.39,42.45,1584227532,20,82,60.8,18.34
27,Punta Arenas,CL,-53.15,-70.92,1584227533,75,67,57.2,16.11
28,Bambous Virieux,MU,-20.34,57.76,1584227533,40,88,77.0,13.49
29,Nikolskoye,RU,59.7,30.79,1584227534,76,45,24.8,13.42
30,Carnarvon,AU,-24.87,113.63,1584227278,75,78,77.0,6.93
31,Greystones,IE,53.14,-6.06,1584227535,75,76,48.99,16.11
32,Hong Kong,HK,22.29,114.16,1584227536,10,55,68.0,10.29
33,Oddur,SO,4.12,43.89,1584227537,17,86,73.27,16.62
34,Hobart,AU,-42.88,147.33,1584227537,40,67,60.01,5.82
35,Alofi,NU,-19.06,-169.92,1584227538,100,79,84.2,8.05
36,Bengkulu,ID,-3.8,102.27,1584227333,81,88,75.18,3.09
37,Hermanus,ZA,-34.42,19.23,1584227540,63,96,64.99,1.99
38,Pangnirtung,CA,66.15,-65.71,1584227465,93,99,-33.92,1.74
39,Buritis,BR,-15.62,-46.42,1584227474,82,95,69.49,2.42
40,Los Llanos de Aridane,ES,28.66,-17.92,1584227543,20,63,64.4,16.11
41,Aksarka,RU,66.56,67.8,1584227544,41,89,-3.93,10.51
42,Cape Town,ZA,-33.93,18.42,1584227483,75,82,66.0,18.34
43,Barrow,US,71.29,-156.79,1584227545,75,77,5.0,27.51
44,Jamestown,US,42.1,-79.24,1584227360,90,80,37.99,6.93
45,Puerto Escondido,MX,15.85,-97.07,1584227547,20,79,86.0,10.29
46,Illapel,CL,-31.63,-71.17,1584227548,33,79,56.84,2.15
47,Les Cayes,HT,18.2,-73.75,1584227348,0,74,79.92,8.59
48,Busselton,AU,-33.65,115.33,1584227549,80,98,66.0,13.04
49,Hamilton,US,39.18,-84.53,1584227551,90,93,37.0,12.75
50,Pevek,RU,69.7,170.31,1584227551,77,69,-0.67,6.64
51,Bairiki Village,KI,1.33,172.98,1584227552,20,74,86.0,6.93
52,Asău,RO,46.43,26.4,1584227347,75,56,41.0,9.17
53,Guararé,PA,7.82,-80.28,1584227554,0,63,81.1,17.78
54,Dolores,AR,-36.31,-57.68,1584227555,18,70,60.78,7.54
55,Puerto Cabello,VE,10.47,-68.01,1584227556,39,77,75.96,6.89
56,Mataura,NZ,-46.19,168.86,1584227557,100,74,62.01,4.0
57,Kavaratti,IN,10.57,72.64,1584227522,1,72,81.88,10.38
58,Aykhal,RU,66.0,111.5,1584227558,77,92,17.6,4.47
59,Lokosovo,RU,61.13,74.82,1584227559,100,92,33.8,14.14
60,Kangaatsiaq,GL,68.31,-53.46,1584227559,100,88,-0.42,3.22
61,Port Alfred,ZA,-33.59,26.89,1584227561,95,87,68.0,4.0
62,Dali,CN,25.7,100.18,1584227334,23,79,47.12,2.93
63,Angoche,MZ,-16.23,39.91,1584227562,72,97,72.16,4.81
64,Vardø,NO,70.37,31.11,1584227372,71,63,22.39,25.59
65,Butaritari,KI,3.07,172.79,1584227563,88,72,83.62,10.76
66,Koungou,YT,-12.73,45.2,1584227564,40,79,84.2,10.29
67,Souillac,MU,-20.52,57.52,1584227271,40,88,77.0,7.54
68,Arman',RU,59.7,150.17,1584227328,100,89,8.53,4.97
69,Nyurba,RU,63.28,118.33,1584227566,97,94,13.91,7.47
70,Kahului,US,20.89,-156.47,1584227281,40,74,80.6,12.75
71,Sitka,US,57.05,-135.33,1584227567,1,60,41.0,7.34
72,Saint George,US,37.1,-113.58,1584227568,20,45,64.0,17.22
73,Dikson,RU,73.51,80.55,1584227570,51,99,-18.27,8.41
74,Yellowknife,CA,62.46,-114.35,1584227364,75,51,10.4,11.41
75,Tuatapere,NZ,-46.13,167.68,1584227571,100,74,62.01,4.0
76,Gao,ML,16.64,1.64,1584227572,0,11,76.53,10.71
77,Pangai,TO,-19.8,-174.35,1584227572,100,82,82.35,13.96
78,São Raimundo das Mangabeiras,BR,-7.02,-45.48,1584227573,95,90,76.28,5.35
79,Bubaque,GW,11.28,-15.83,1584227574,5,48,83.75,24.02
80,Basoda,IN,23.85,77.93,1584227575,10,37,60.71,11.81
81,Peniche,PT,39.36,-9.38,1584227576,0,93,57.0,2.24
82,Porto-Novo,BJ,6.5,2.6,1584227381,69,76,83.26,8.03
83,New Norfolk,AU,-42.78,147.06,1584227577,40,67,60.01,5.82
84,Paulo Afonso,BR,-9.41,-38.21,1584227578,16,70,78.8,10.83
85,Finnsnes,NO,69.23,17.98,1584227578,90,92,33.8,26.4
86,Rāvar,IR,31.27,56.81,1584227579,100,30,61.9,5.35
87,Ribeira Grande,PT,38.52,-28.7,1584227580,58,84,55.96,7.16
88,Ahipara,NZ,-35.17,173.17,1584227581,0,68,66.87,8.57
89,Verkhoyansk,RU,67.54,133.38,1584227581,15,86,-22.83,1.81
90,Caribou,US,46.86,-68.01,1584227582,75,50,30.99,17.22
91,São Félix do Xingu,BR,-6.64,-51.99,1584227583,100,95,74.3,2.01
92,Kapaa,US,22.08,-159.32,1584227417,1,57,78.8,11.41
93,Lavrentiya,RU,65.58,-171.0,1584227584,100,74,21.36,9.78
94,Port Lincoln,AU,-34.73,135.87,1584227585,99,68,61.95,17.6
95,Dongsheng,CN,39.82,109.98,1584227586,0,34,32.99,8.14
96,Provideniya,RU,64.38,-173.3,1584227586,78,79,23.22,6.29
97,Havelock,US,34.88,-76.9,1584227587,90,44,63.0,5.82
98,Dhenkānāl,IN,20.67,85.6,1584227582,40,73,71.6,9.17
99,Castro,BR,-24.79,-50.01,1584227588,0,67,64.4,2.06
100,Brăduţ,RO,46.13,25.62,1584227589,100,67,39.0,3.0
101,São João da Barra,BR,-21.64,-41.05,1584227589,68,88,78.8,4.7
102,Aksu,CN,41.12,80.26,1584227590,3,31,36.77,2.53
103,Flinders,AU,-34.58,150.86,1584227591,97,51,66.0,12.75
104,Namatanai,PG,-3.67,152.43,1584227592,100,75,83.17,10.96
105,Taltal,CL,-25.4,-70.48,1584227592,1,92,60.08,1.19
106,Kumul,CN,42.8,93.45,1584227593,80,33,34.11,3.18
107,Penzance,GB,50.12,-5.54,1584227594,99,93,52.0,27.51
108,Calamar,CO,10.25,-74.91,1584227594,58,66,84.2,17.22
109,Tuktoyaktuk,CA,69.45,-133.04,1584227595,75,85,23.0,29.97
110,Talnakh,RU,69.49,88.4,1584227596,75,100,30.2,17.9
111,Dalby,AU,-27.18,151.27,1584227596,0,77,66.2,6.93
112,Río Gallegos,AR,-51.62,-69.22,1584227570,100,48,62.6,13.87
113,East London,ZA,-33.02,27.91,1584227598,56,78,72.68,9.78
114,Rhede,DE,51.83,6.7,1584227598,90,70,48.2,10.29
115,Kabare,CD,-2.47,28.82,1584227599,100,95,58.87,1.12
116,Hilo,US,19.73,-155.09,1584227600,90,78,77.0,6.93
117,Tasiilaq,GL,65.61,-37.64,1584227601,0,64,1.4,6.93
118,Harar,ET,9.31,42.13,1584227602,97,81,63.45,1.43
119,Puerto Ayora,EC,-0.74,-90.35,1584227603,20,70,84.2,8.05
120,Kloulklubed,PW,7.04,134.26,1584227604,75,88,77.0,10.2
121,Demba,CD,-5.51,22.27,1584227605,31,97,69.12,1.52
122,Mnogovershinnyy,RU,53.94,139.92,1584227606,0,69,5.0,4.54
123,Olafsvik,IS,64.89,-23.71,1584227308,32,52,24.33,2.42
124,Havre de Grace,US,39.55,-76.09,1584227608,40,25,55.0,8.05
125,Lebu,CL,-37.62,-73.65,1584227610,0,71,56.14,11.27
126,Khatanga,RU,71.97,102.5,1584227587,100,86,26.08,9.66
127,Leningradskiy,RU,69.38,178.42,1584227611,49,71,1.45,10.74
128,Ronneby,SE,56.21,15.28,1584227612,47,60,32.0,8.05
129,Rincon,US,32.3,-81.24,1584227613,1,72,77.0,11.41
130,Marshall,US,34.38,-86.33,1584227613,1,53,73.99,9.17
131,Olivenza,ES,38.68,-7.1,1584227614,64,78,55.99,2.17
132,San Patricio,MX,19.22,-104.7,1584227615,40,79,84.2,9.17
133,Crotone,IT,39.09,17.12,1584227615,43,82,53.4,5.73
134,Kongolo,CD,-5.38,27.0,1584227616,94,94,68.5,2.04
135,Havøysund,NO,71.0,24.66,1584227617,100,92,19.4,42.5
136,Severo-Kuril'sk,RU,50.68,156.12,1584227617,33,73,20.97,6.24
137,Padang,ID,-0.95,100.35,1584227618,67,92,69.39,4.65
138,Ixtapa,MX,20.7,-105.2,1584227619,5,74,78.8,16.11
139,Chumikan,RU,54.72,135.31,1584227619,0,76,8.11,7.81
140,Novo Cruzeiro,BR,-17.47,-41.88,1584227620,24,99,65.95,2.48
141,Avera,US,33.19,-82.53,1584227621,90,50,80.6,3.36
142,Bethel,US,41.37,-73.41,1584227622,1,32,51.8,11.41
143,Saskylakh,RU,71.92,114.08,1584227622,97,95,2.35,11.18
144,Cidreira,BR,-30.18,-50.21,1584227623,0,86,76.21,24.52
145,Opuwo,NA,-18.06,13.84,1584227624,93,65,68.72,3.27
146,Tibati,CM,6.47,12.63,1584227625,3,19,62.82,2.13
147,Kalengwa,ZM,-13.47,25.0,1584227625,96,96,63.3,1.48
148,Sur,OM,22.57,59.53,1584227626,100,35,66.69,6.69
149,Kununurra,AU,-15.77,128.73,1584227627,1,78,80.6,5.82
150,Arrondissement de Limoux,FR,42.92,2.17,1584227627,2,81,52.0,2.24
151,Şabrātah,LY,32.79,12.49,1584227628,0,62,64.92,9.37
152,Chokurdakh,RU,70.63,147.92,1584227630,7,91,-20.63,2.89
153,Bud,US,39.45,-86.18,1584227632,90,96,37.0,12.75
154,Barra do Garças,BR,-15.89,-52.26,1584227632,42,90,74.34,3.13
155,Hualmay,PE,-11.1,-77.61,1584227633,93,75,73.17,5.48
156,Aconibe,GQ,1.3,10.94,1584227633,8,97,69.22,2.73
157,Cherskiy,RU,68.75,161.3,1584227634,100,91,-2.74,3.11
158,Raudeberg,NO,61.99,5.14,1584227635,88,82,39.99,21.92
159,Likasi,CD,-10.98,26.73,1584227636,83,97,61.02,2.73
160,Avarua,CK,-21.21,-159.78,1584227636,26,74,84.2,6.93
161,Makakilo City,US,21.35,-158.09,1584227516,90,73,82.4,4.81
162,Longyearbyen,SJ,78.22,15.64,1584227637,75,64,-0.4,5.82
163,Faanui,PF,-16.48,-151.75,1584227638,8,75,83.12,14.47
164,Payo,ID,-3.75,103.64,1584227639,100,97,70.52,0.58
165,Husavik,IS,66.04,-17.34,1584227640,20,77,5.0,4.7
166,Kropotkin,RU,45.44,40.58,1584227641,13,71,45.0,7.05
167,Greensburg,US,40.3,-79.54,1584227642,90,74,42.8,12.75
168,Teya,RU,60.38,92.63,1584227642,100,89,26.98,12.93
169,Yerbogachën,RU,61.28,108.01,1584227501,100,94,28.56,11.07
170,Petrovsk-Zabaykal'skiy,RU,51.27,108.84,1584227644,0,94,19.67,4.9
171,Guerrero Negro,MX,27.98,-114.06,1584227644,0,61,65.21,14.61
172,Makat,KZ,47.65,53.35,1584227645,100,83,52.7,11.9
173,Ketchikan,US,55.34,-131.65,1584227647,1,38,41.0,17.22
174,Beaverlodge,CA,55.22,-119.44,1584227405,5,59,-0.4,6.93
175,Aklavik,CA,68.22,-135.01,1584227648,75,55,33.8,5.82
176,Yulara,AU,-25.24,130.99,1584227457,0,31,75.2,14.99
177,Saint-Pierre,RE,-21.34,55.48,1584227649,43,83,77.0,8.05
178,Ormara,PK,25.21,64.64,1584227526,99,58,72.03,3.51
179,Pervomayskoye,RU,43.92,46.71,1584227652,88,76,53.44,11.45
180,Saldanha,ZA,-33.01,17.94,1584227653,0,88,62.6,12.75
181,Lakes Entrance,AU,-37.88,147.98,1584227654,0,71,59.0,1.01
182,Rome,US,43.21,-75.46,1584227655,90,64,37.4,8.05
183,Isangel,VU,-19.55,169.27,1584227655,40,74,87.8,11.41
184,Dudinka,RU,69.41,86.18,1584227656,75,100,30.2,17.9
185,Mahébourg,MU,-20.41,57.7,1584227657,40,88,77.0,7.54
186,Cabo San Lucas,MX,22.89,-109.91,1584227658,40,39,80.6,23.04
187,Bako,ET,5.78,36.57,1584227658,99,70,68.63,4.68
188,Itarema,BR,-2.92,-39.92,1584227659,99,94,75.51,3.15
189,Fortuna,US,40.6,-124.16,1584227660,20,81,51.01,10.29
190,Coyhaique,CL,-45.58,-72.07,1584227661,75,54,59.0,6.64
191,Compiègne,FR,49.42,2.83,1584227597,100,87,48.2,8.05
192,Saint-Honoré,CA,48.53,-71.08,1584227662,90,67,19.4,36.91
193,Airai,TL,-8.93,125.41,1584227637,9,54,76.75,1.7
194,Thunder Bay,CA,48.4,-89.32,1584227664,75,54,30.2,6.93
195,Vila Franca do Campo,PT,37.72,-25.43,1584227665,20,82,55.4,2.24
196,Innisfail,AU,-17.53,146.03,1584227665,22,61,80.44,3.13
197,Pisco,PE,-13.7,-76.22,1584227666,99,30,75.99,23.04
198,Susa,IR,32.19,48.24,1584227666,95,92,60.49,18.39
199,Alice Springs,AU,-23.7,133.88,1584227635,90,43,73.4,8.05
200,Antalaha,MG,-14.9,50.28,1584227668,100,92,78.91,49.5
201,Torbay,CA,47.67,-52.73,1584227668,20,80,36.0,31.09
202,Tūkrah,LY,32.53,20.58,1584227669,45,67,57.06,5.08
203,Nizhniy Kuranakh,RU,58.84,125.49,1584227670,97,88,-1.26,4.94
204,Shingū,JP,33.73,135.98,1584227672,0,45,47.91,10.38
205,Izberbash,RU,42.57,47.86,1584227672,100,55,60.8,17.9
206,Traverse City,US,44.76,-85.62,1584227673,90,68,32.0,9.17
207,Tashtagol,RU,52.77,87.89,1584227674,100,80,30.31,5.73
208,Inyonga,TZ,-6.72,32.07,1584227674,97,95,65.82,1.48
209,Alta Floresta,BR,-9.88,-56.09,1584227675,100,94,73.09,2.04
210,Sola,VU,-13.88,167.55,1584227677,29,77,85.46,25.12
211,Kavieng,PG,-2.57,150.8,1584227677,87,69,85.08,7.54
212,Dauriya,RU,49.93,116.87,1584227678,0,67,0.88,2.06
213,Porto Real,BR,-22.42,-44.29,1584227679,25,97,67.66,3.67
214,Srikakulam,IN,18.3,83.9,1584227679,10,86,71.4,1.23
215,Brasília,BR,-15.78,-47.93,1584227412,40,61,78.8,8.05
216,Ponta do Sol,PT,32.67,-17.1,1584227681,75,67,60.8,13.87
217,Cadereyta,MX,25.58,-99.98,1584227682,75,36,91.4,13.87
218,Ambilobe,MG,-13.2,49.05,1584227486,100,85,80.08,13.09
219,Westerkappeln,DE,52.32,7.88,1584227683,40,70,46.99,9.17
220,São Filipe,CV,14.9,-24.5,1584227684,14,56,74.03,16.55
221,Geraldton,AU,-28.77,114.6,1584227685,90,88,73.4,10.29
222,Baoding,CN,38.85,115.49,1584227686,0,27,48.58,2.62
223,Umba,RU,66.69,34.34,1584227687,0,88,10.96,6.15
224,Byron Bay,AU,-28.65,153.62,1584227688,90,68,72.0,13.87
225,Necochea,AR,-38.55,-58.74,1584227689,0,77,64.99,7.0
226,Belaya Kholunitsa,RU,58.84,50.85,1584227690,85,90,24.44,3.49
227,Sibolga,ID,1.74,98.78,1584227690,54,93,71.76,3.85
228,Ermelo,ZA,-26.53,29.98,1584227691,27,67,53.2,2.01
229,Camocim,BR,-2.9,-40.84,1584227692,100,95,75.72,3.91
230,Monforte de Lemos,ES,42.52,-7.51,1584227695,2,93,46.0,1.99
231,Trofors,NO,65.53,13.41,1584227696,100,64,35.6,25.28
232,Lucea,JM,18.45,-78.17,1584227697,20,74,84.0,16.11
233,Broome,US,42.25,-75.83,1584227697,1,59,41.0,10.29
234,Sarkand,KZ,45.41,79.92,1584227698,2,45,38.61,6.8
235,Stolin,BY,51.89,26.85,1584227699,51,48,27.82,15.97
236,Brae,GB,60.4,-1.35,1584227700,100,87,44.6,19.46
237,San Juan Bautista,PE,-14.01,-75.74,1584227701,97,30,75.99,23.04
238,Dicabisagan,PH,17.08,122.42,1584227702,59,85,76.37,13.4
239,Upington,ZA,-28.45,21.26,1584227648,0,37,68.0,4.34
240,Arraial do Cabo,BR,-22.97,-42.03,1584227703,20,94,77.0,4.7
241,Codrington,AU,-38.27,141.97,1584227704,47,71,59.0,15.19
242,Kīhei,US,20.79,-156.47,1584227705,90,94,80.6,9.17
243,Dingle,PH,11.0,122.67,1584227706,23,76,77.43,7.9
244,Panama City,PA,8.99,-79.52,1584227481,20,46,89.6,16.11
245,Narsaq,GL,60.92,-46.05,1584227707,100,67,19.4,4.99
246,Thompson,CA,55.74,-97.86,1584227702,20,46,8.6,3.36
247,Gumdag,TM,39.21,54.59,1584227708,97,41,61.81,16.82
248,Marsaxlokk,MT,35.84,14.54,1584227709,75,93,57.0,11.41
249,Batagay-Alyta,RU,67.8,130.41,1584227710,0,84,-24.0,5.5
250,Lüderitz,NA,-26.65,15.16,1584227710,0,64,69.8,9.17
251,Kailua,US,21.4,-157.74,1584227505,90,73,82.4,9.84
252,Qaanaaq,GL,77.48,-69.36,1584227649,0,58,-20.81,5.75
253,Upernavik,GL,72.79,-56.15,1584227715,98,98,-14.1,3.6
254,Ostrovnoy,RU,68.05,39.51,1584227716,97,97,2.52,11.65
255,Guánica,PR,17.97,-66.91,1584227717,90,80,80.01,18.34
256,Natal,BR,-5.79,-35.21,1584227572,20,83,80.6,9.17
257,Muros,ES,42.78,-9.06,1584227718,90,100,52.0,1.12
258,Khāsh,IR,28.22,61.22,1584227719,100,35,57.34,6.58
259,Lata,PT,40.16,-8.33,1584227720,0,93,55.0,2.24
260,Hoquiam,US,46.98,-123.89,1584227721,90,56,45.0,20.8
261,Dwārka,IN,22.24,68.97,1584227657,100,53,74.1,15.77
262,Vidoši,BA,43.77,17.03,1584227462,100,40,53.6,12.75
263,Bundaberg,AU,-24.85,152.35,1584227673,40,60,79.0,12.75
264,Meulaboh,ID,4.14,96.13,1584227723,100,77,82.38,8.37
265,Escanaba,US,45.75,-87.06,1584227727,40,74,30.0,11.41
266,Nishihara,JP,26.18,127.76,1584227728,40,51,59.0,23.04
267,Powell River,CA,49.85,-124.54,1584227728,20,35,39.99,11.41
268,Altagracia de Orituco,VE,9.86,-66.38,1584227729,15,81,67.35,6.62
269,Albanel,CA,48.88,-72.45,1584227730,90,57,19.4,21.92
270,Esperance,AU,-33.87,121.9,1584227730,40,77,66.2,20.8
271,Half Moon Bay,US,37.46,-122.43,1584227457,90,87,54.0,6.93
272,Esso,RU,55.93,158.7,1584227733,16,82,6.46,4.88
273,Ken Caryl,US,39.58,-105.12,1584227733,20,46,53.01,14.99
274,Richards Bay,ZA,-28.78,32.04,1584227734,6,87,76.62,5.77
275,Karratha,AU,-20.74,116.85,1584227528,90,72,83.5,16.37
276,Manzanares,ES,39.0,-3.37,1584227736,68,66,55.99,3.74
277,Arona,ES,28.1,-16.68,1584227736,75,87,64.99,21.92
278,Doha,QA,25.29,51.53,1584227656,83,73,73.0,11.41
279,Vilyuysk,RU,63.76,121.62,1584227739,96,96,5.36,5.28
280,Shimoda,JP,34.67,138.95,1584227673,31,93,46.0,3.36
281,Kaitangata,NZ,-46.28,169.85,1584227741,100,70,61.0,1.99
282,Kasane,BW,-17.82,25.15,1584227742,89,89,67.37,2.64
283,Dukat,RU,62.55,155.55,1584227742,100,91,-5.39,4.05
284,Chui,UY,-33.7,-53.46,1584227657,67,90,71.71,6.42
285,Nuuk,GL,64.18,-51.72,1584227732,63,55,6.8,18.34
286,Lozova,UA,48.89,36.32,1584227513,28,62,33.51,15.41
287,Suluova,TR,40.83,35.65,1584227746,75,66,48.2,4.7
288,Mar del Plata,AR,-38.0,-57.56,1584227748,40,72,66.2,6.93
289,Iqaluit,CA,63.75,-68.51,1584227749,20,61,-18.4,12.75
290,Billings Metropolitan Area,US,45.78,-108.5,1584227589,90,74,37.99,13.87
291,Kantilo,IN,20.35,85.18,1584227750,40,73,71.6,9.17
292,Provincia di Ravenna,IT,44.42,11.98,1584227751,90,71,53.6,14.99
293,Malé,MV,4.17,73.51,1584227751,20,83,82.4,4.7
294,Mago,RU,53.25,140.18,1584227752,23,86,5.77,3.18
295,Leer,SS,8.3,30.14,1584227753,23,25,78.84,6.76
296,North Bend,US,43.41,-124.22,1584227753,75,70,46.99,11.41
297,Beïnamar,TD,8.67,15.38,1584227754,0,12,72.34,5.44
298,Vung Tau,VN,10.35,107.08,1584227755,86,72,80.15,17.18
299,Fairbanks,US,64.84,-147.72,1584227756,90,67,25.0,3.36
300,Westport,US,41.14,-73.36,1584227757,1,32,53.01,11.41
301,Amiens,FR,49.9,2.3,1584227758,20,100,46.0,6.93
302,Gnjilane,XK,42.46,21.47,1584227758,75,94,44.6,2.24
303,Port Blair,IN,11.67,92.75,1584227688,26,69,82.2,6.35
304,Cockburn Town,TC,21.46,-71.14,1584227760,40,65,78.8,11.41
305,Vanavara,RU,60.34,102.28,1584227761,100,95,28.22,9.93
306,Kurumkan,RU,54.3,110.3,1584227761,86,83,14.4,1.48
307,Pacifica,US,37.61,-122.49,1584227571,90,87,54.0,6.93
308,Turukhansk,RU,65.82,87.98,1584227763,100,97,30.29,11.99
309,Puerto Salgar,CO,5.46,-74.65,1584227763,78,96,70.11,1.59
310,Antofagasta,CL,-23.65,-70.4,1584227764,40,77,68.0,14.99
311,Verāval,IN,20.9,70.37,1584227765,98,27,68.7,14.5
312,Grand Gaube,MU,-20.01,57.66,1584227716,40,88,77.0,10.02
313,Kédougou,SN,12.56,-12.17,1584227766,15,12,78.19,1.43
314,Tortolì,IT,39.93,9.66,1584227767,40,93,55.4,8.05
315,Juneau,US,58.3,-134.42,1584227767,20,44,41.0,5.82
316,Alice Town,BS,25.72,-79.3,1584227768,40,82,75.36,15.03
317,Tautira,PF,-17.73,-149.15,1584227596,40,59,89.6,3.36
318,Pacific Grove,US,36.62,-121.92,1584227769,90,62,59.0,11.41
319,Quatre Cocos,MU,-20.21,57.76,1584227770,40,88,77.0,13.53
320,Kiryat Gat,IL,31.61,34.76,1584227770,75,93,59.0,6.93
321,Sabla,NG,12.75,4.71,1584227771,86,13,76.08,10.63
322,Curuçá,BR,-0.73,-47.85,1584227772,100,82,80.58,9.69
323,Sherbakul',RU,54.63,72.4,1584227773,100,93,32.0,13.42
324,Portland,US,45.52,-122.68,1584227479,90,64,42.8,12.75
325,Umluj,SA,25.02,37.27,1584227775,0,59,62.74,5.19
326,Orodara,BF,10.95,-4.93,1584227775,52,38,87.8,5.82
327,El Cocuy,CO,6.41,-72.44,1584227776,100,97,51.96,0.74
328,Toyooka,JP,35.53,134.83,1584227777,75,66,35.6,6.93
329,Jalu,LY,29.03,21.55,1584227777,93,36,63.05,3.96
330,Bereda,ES,43.27,-7.54,1584227778,9,93,48.0,4.7
331,Sepatan,ID,-6.12,106.58,1584227779,20,83,78.8,2.24
332,Ballina,AU,-28.87,153.57,1584227771,75,93,68.0,16.11
333,Mount Isa,AU,-20.73,139.5,1584227780,39,41,78.8,9.17
334,Kirakira,SB,-10.45,161.92,1584227781,98,80,82.27,12.55
335,Sarangani,PH,5.4,125.46,1584227782,69,72,80.22,4.45
336,Khovd,MN,48.01,91.64,1584227782,0,41,18.82,7.56
337,Nishifukuma,JP,33.77,130.47,1584227783,40,46,53.01,14.99
338,Rīngas,IN,27.35,75.57,1584227521,0,51,60.8,1.86
339,Taoudenni,ML,22.68,-3.98,1584227784,0,12,70.63,2.93
340,Clyde River,CA,70.47,-68.59,1584227785,20,74,-25.6,3.36
341,Katsuura,JP,35.13,140.3,1584227738,20,60,44.01,10.29
342,Vostok,RU,46.49,135.88,1584227787,100,91,16.45,3.65
343,Kisi,NG,9.08,3.85,1584227757,40,16,78.15,1.21
344,Davila,PH,18.47,120.58,1584227788,75,83,77.0,6.93
345,Boa Vista,BR,2.82,-60.67,1584227789,40,43,91.4,9.17
346,Diamantino,BR,-14.41,-56.45,1584227790,83,90,75.4,3.65
347,Olinda,BR,-8.01,-34.86,1584227790,75,74,84.2,9.17
348,Dāmghān,IR,36.17,54.35,1584227791,98,32,54.82,2.42
349,Kulevcha,UA,46.03,29.94,1584227792,100,55,42.8,10.0
350,Tegul'det,RU,57.31,88.17,1584227792,100,94,33.62,15.75
351,Muli,MV,2.92,73.57,1584227793,91,65,83.86,5.7
352,Zar,AM,40.26,44.73,1584227795,75,93,50.0,2.89
353,Langevåg,NO,62.44,6.19,1584227796,75,65,42.8,17.22
354,Orikum,AL,40.33,19.47,1584227796,63,78,55.56,5.86
355,Goderich,CA,43.75,-81.72,1584227702,100,79,34.0,4.0
356,Gornopravdinsk,RU,60.05,69.9,1584227797,78,88,29.89,10.45
357,La Puebla de Cazalla,ES,37.22,-5.31,1584227798,51,82,61.0,5.82
358,Vestmannaeyjar,IS,63.44,-20.27,1584227799,33,66,27.14,18.01
359,Maryville,US,35.76,-83.97,1584227621,90,62,59.0,8.05
360,Wejherowo,PL,54.61,18.24,1584227801,0,79,28.0,2.24
361,Cap-aux-Meules,CA,47.38,-61.86,1584227582,40,74,28.4,24.16
362,Glace Bay,CA,46.2,-59.96,1584227804,90,74,34.0,23.04
363,Tarakan,ID,3.3,117.63,1584227804,24,85,78.91,6.11
364,Goma,CD,-1.68,29.22,1584227805,100,94,56.35,0.38
365,Zheleznodorozhnyy,RU,55.75,38.0,1584227806,75,92,25.0,15.66
366,Greeley,US,40.42,-104.71,1584227740,90,69,46.99,5.82
367,Auki,SB,-8.77,160.7,1584227807,99,78,84.11,15.48
368,Chara,RU,56.91,118.26,1584227808,99,68,-0.92,1.23
369,San Miguel de Tucumán,AR,-26.82,-65.22,1584227808,75,69,80.6,12.75
370,Oranjemund,NA,-28.55,16.43,1584227811,4,93,61.43,6.67
371,Srīvardhan,IN,18.03,73.02,1584227812,85,42,72.05,3.87
372,Novominskaya,RU,46.32,38.96,1584227813,76,66,44.67,9.31
373,Poum,NC,-20.23,164.02,1584227815,95,79,84.31,49.59
374,Salalah,OM,17.02,54.09,1584227772,75,61,77.0,8.05
375,Novopokrovka,UA,49.84,36.55,1584227816,75,55,33.8,15.66
376,Nānpāra,IN,27.87,81.5,1584227816,0,69,60.46,4.29
377,Havre-St-Pierre,CA,50.23,-63.6,1584227817,75,63,28.4,13.87
378,Sérvia,GR,40.18,21.99,1584227818,56,76,55.0,6.93
379,Mehamn,NO,71.04,27.85,1584227758,100,92,15.26,16.44
380,Liku,ID,-0.73,119.89,1584227820,100,72,75.97,0.36
381,The Pas,CA,53.83,-101.25,1584227821,1,46,8.6,2.24
382,Lethem,GY,3.38,-59.8,1584227822,80,52,87.53,14.12
383,Lorengau,PG,-2.02,147.27,1584227822,95,76,84.06,11.79
384,Lompoc,US,34.64,-120.46,1584227800,90,59,60.8,8.05
385,Pastavy,BY,55.12,26.83,1584227824,24,75,25.66,12.48
386,Kulhudhuffushi,MV,6.62,73.07,1584227825,16,74,83.44,6.64
387,Cayenne,GF,4.93,-52.33,1584227826,74,74,80.6,5.82
388,Roald,NO,62.58,6.13,1584227827,75,65,41.0,17.22
389,Norman Wells,CA,65.28,-126.83,1584227830,90,85,17.6,2.24
390,Parangan,PH,5.08,119.94,1584227830,54,71,81.19,7.99
391,Arlit,NE,18.74,7.39,1584227831,0,14,69.28,8.68
392,Nikol'sk,RU,53.72,46.07,1584227832,51,94,32.0,10.0
393,Najrān,SA,17.49,44.13,1584227832,40,34,78.8,1.83
394,Krasnosel'kup,RU,65.7,82.47,1584227833,100,96,29.62,11.01
395,Moree,AU,-29.47,149.85,1584227834,17,56,68.0,14.99
396,Tura,IN,25.52,90.22,1584227834,100,77,65.37,5.3
397,Bandarbeyla,SO,9.49,50.81,1584227835,72,76,78.33,7.81
398,Humaitá,BR,-7.51,-63.02,1584227835,100,98,75.52,1.92
399,Belyy Yar,RU,53.6,91.39,1584227836,100,64,39.2,13.42
400,Egvekinot,RU,66.32,-179.17,1584227709,44,76,8.85,4.63
401,Kerman,IR,30.28,57.08,1584227838,40,15,57.2,11.41
402,Savinka,RU,50.08,47.1,1584227839,51,80,36.82,8.37
403,Marquette,US,46.53,-87.63,1584227597,90,68,27.0,14.99
404,College,US,64.86,-147.8,1584227610,90,67,25.0,3.36
405,Grootfontein,NA,-19.57,18.12,1584227841,75,71,66.04,2.46
406,Lapua,FI,62.97,23.01,1584227842,2,79,23.0,5.82
407,Ouallam,NE,14.32,2.09,1584227843,0,12,78.73,9.46
408,Alto Araguaia,BR,-17.31,-53.22,1584227844,12,89,70.7,5.21
409,Siniscola,IT,40.57,9.69,1584227844,0,90,42.12,4.7
410,Tamboril,DO,19.49,-70.61,1584227845,20,78,77.0,6.93
411,Vila Velha,BR,-20.33,-40.29,1584227560,20,83,80.6,4.7
412,Santarém,BR,-2.44,-54.71,1584227847,40,83,80.6,2.24
413,Tilichiki,RU,60.47,166.1,1584227848,100,79,28.56,11.63
414,Bathsheba,BB,13.22,-59.52,1584227647,90,88,75.2,14.99
415,San Francisco,US,37.77,-122.42,1584227643,90,93,54.0,6.93
416,Rudnya,RU,54.95,31.09,1584227850,52,62,23.27,14.38
417,Coquimbo,CL,-29.95,-71.34,1584227850,13,77,66.2,12.75
418,St. George's,GD,12.06,-61.75,1584227635,75,83,78.8,5.82
419,Udayagiri,IN,20.13,84.38,1584227852,82,79,70.84,0.36
420,Monywa,MM,22.12,95.13,1584227852,70,38,74.55,5.68
421,Lubumbashi,CD,-11.66,27.48,1584227849,99,98,64.71,2.8
422,Labuhan,ID,-6.88,112.21,1584227854,91,88,78.39,2.91
423,Lahat,ID,-3.8,103.53,1584227854,100,97,70.52,0.58
424,Buchanan,LR,5.88,-10.05,1584227855,20,88,82.4,3.78
425,Road Town,VG,18.42,-64.62,1584227856,20,74,78.8,6.93
426,Mbini,GQ,1.57,9.61,1584227856,98,80,82.72,7.9
427,Ginir,ET,7.13,40.7,1584227858,73,63,62.71,4.03
428,Katubao,PH,5.89,124.83,1584227859,68,69,76.96,2.59
429,Lubango,AO,-14.92,13.49,1584227860,100,89,61.75,2.82
430,Henties Bay,NA,-22.12,14.28,1584227860,0,93,62.01,4.59
431,Neyshabur,IR,36.21,58.8,1584227861,84,25,58.1,8.99
432,Grindavik,IS,63.84,-22.43,1584227862,75,79,26.6,10.29
433,Saint-Augustin,CA,51.23,-58.65,1584227864,98,82,22.1,13.69
434,Kemijärvi,FI,66.71,27.43,1584227864,53,84,14.45,15.86
435,Port Macquarie,AU,-31.43,152.92,1584227865,95,82,66.99,6.93
436,Kippen,GB,56.13,-4.17,1584227866,100,81,48.0,21.92
437,Beyneu,KZ,45.32,55.2,1584227866,100,76,51.67,7.4
438,Saint-Paul-lès-Dax,FR,43.73,-1.05,1584227867,0,81,44.6,4.7
439,Harrison,US,30.41,-89.04,1584227867,1,73,78.8,5.82
440,Wasilla,US,61.58,-149.44,1584227686,1,45,28.99,3.36
441,Malakal,SS,9.53,31.66,1584227869,58,17,82.0,7.76
442,Qadirpur Ran,PK,30.29,71.67,1584227869,0,93,59.0,3.06
443,Hoi An,VN,15.88,108.33,1584227870,40,83,77.0,1.12
444,Tiznit Province,MA,29.58,-9.5,1584227872,64,90,52.25,3.53
445,Vao,NC,-22.67,167.48,1584227873,100,82,83.25,24.36
446,Eyl,SO,7.98,49.82,1584227874,93,80,79.36,14.36
447,Margate,GB,51.38,1.39,1584227875,75,87,48.99,17.22
448,Katghora,IN,22.5,82.55,1584227876,12,93,64.47,2.46
449,Sandwick,GB,60.0,-1.25,1584227826,75,93,44.6,23.04
450,Constitución,CL,-35.33,-72.42,1584227878,38,83,54.82,5.7
451,Mayo,US,38.89,-76.51,1584227879,90,32,55.99,5.84
452,Caravelas,BR,-17.71,-39.25,1584227637,82,79,80.58,15.37
453,Vila,PT,42.03,-8.16,1584227880,0,93,52.0,1.12
454,Nanortalik,GL,60.14,-45.24,1584227881,100,73,20.95,2.51
455,Cukai,MY,4.25,103.42,1584227881,100,94,78.8,8.77
456,Katobu,ID,-4.94,122.53,1584227882,97,90,78.67,2.59
457,Saint-Joseph,RE,-21.37,55.62,1584227826,43,78,77.0,5.82
458,Balakhta,RU,55.38,91.6,1584227883,100,79,32.16,14.45
459,Rantepao,ID,-2.97,119.9,1584227885,100,91,70.74,1.21
460,Mkushi,ZM,-13.62,29.39,1584227885,98,97,63.19,3.38
461,Lipari,IT,38.47,14.95,1584227886,20,77,60.01,3.36
462,Tiksi,RU,71.69,128.87,1584227887,14,71,-14.58,6.55
463,Mandāwar,IN,29.5,78.13,1584227887,0,87,54.36,3.89
464,Piskivka,UA,50.69,29.62,1584227888,81,79,30.99,8.95
465,Caucayá,CO,-0.19,-74.78,1584227813,100,91,74.05,1.72
466,Khorixas,NA,-20.37,14.97,1584227889,0,44,72.61,1.21
467,Jiuquan,CN,39.74,98.52,1584227890,88,33,28.44,3.24
468,Le Mans,FR,48.0,0.2,1584227891,90,87,46.99,3.36
469,Santiago,CL,-33.46,-70.65,1584227695,0,30,84.2,6.93
470,Marsá Maţrūḩ,EG,31.35,27.25,1584227893,83,87,53.6,6.85
471,Ubari,LY,26.59,12.78,1584227894,0,20,60.78,7.81
472,San Alberto,CO,7.76,-73.39,1584227894,62,52,85.35,4.47
473,Linares,CL,-35.85,-71.6,1584227895,41,19,65.07,4.25
474,Todos Santos,MX,23.45,-110.22,1584227896,40,50,80.6,13.87
475,Churapcha,RU,62.0,132.43,1584227897,95,95,-9.53,4.12
476,Petrovac,RS,44.38,21.42,1584227897,97,73,44.01,4.0
477,Vikevåg,NO,59.1,5.7,1584227898,90,87,43.0,25.28
478,Chilmāri,BD,25.56,89.67,1584227899,100,73,67.46,5.5
479,Onega,RU,63.91,38.14,1584227899,39,82,21.94,11.63
480,Belgrade,RS,44.8,20.47,1584227702,99,65,46.4,4.7
481,Hambantota,LK,6.12,81.12,1584227670,11,79,78.64,16.58
482,Boralday,KZ,43.36,76.86,1584227810,40,56,42.8,6.71
483,Yining,CN,29.04,114.56,1584227904,0,64,50.18,0.92
484,Kaélé,CM,10.11,14.45,1584227905,0,17,71.26,10.98
485,Saint-François,FR,46.42,3.91,1584227905,0,93,42.01,3.36
486,Tobe,JP,33.74,132.79,1584227906,20,75,46.0,10.29
487,Chimoré,BO,-16.98,-65.13,1584227907,90,66,83.3,2.8
488,Gamba,GA,-2.65,10.0,1584227723,100,88,79.05,2.06
489,Baruun-Urt,MN,46.68,113.28,1584227856,25,88,16.12,2.82
490,Wahiawā,US,21.5,-158.02,1584227909,90,73,82.4,4.81
491,Jacareacanga,BR,-6.22,-57.75,1584227910,100,99,73.72,0.69
492,Poso,ID,-1.4,120.75,1584227911,100,85,70.45,1.23
493,Amarante do Maranhão,BR,-5.57,-46.74,1584227912,99,95,74.05,2.62
494,Yangmei,CN,24.1,112.56,1584227914,60,79,56.3,4.03
495,Tokat,TR,40.42,36.58,1584227914,62,94,40.66,3.29
496,Chimbote,PE,-9.09,-78.58,1584227915,70,69,76.77,7.94
497,Biberach an der Riss,DE,48.09,9.79,1584227916,0,88,39.99,2.24
498,Tamsweg,AT,47.13,13.81,1584227917,75,98,41.0,5.82
499,Yazd,IR,31.9,54.37,1584227748,20,33,62.6,4.7
500,Babu,CN,24.42,111.52,1584227918,69,79,56.82,2.15
501,Jinchang,CN,38.5,102.17,1584227919,75,32,30.97,7.52
502,Bursa,TR,40.17,29.08,1584227920,100,93,42.8,2.24
503,Montepuez,MZ,-13.13,39.0,1584227920,100,98,70.12,0.78
504,Røros,NO,62.57,11.38,1584227921,90,53,24.8,16.11
505,Kushima,JP,31.46,131.23,1584227876,20,52,46.4,5.82
506,Polovinnoye,RU,54.79,65.99,1584227922,95,97,32.43,9.66
507,Sørland,NO,67.67,12.69,1584227924,100,66,40.32,37.29
508,Mandalgovi,MN,45.76,106.27,1584227925,15,35,28.45,11.18
509,Praia,CV,14.92,-23.51,1584227741,18,33,77.0,16.11
510,Ambulu,ID,-8.35,113.61,1584227926,95,82,79.7,5.37
511,Mosetse,BW,-20.75,26.65,1584227926,92,62,75.11,9.35
512,Port Augusta,AU,-32.5,137.77,1584227927,6,67,60.8,11.41
513,Ivanovka,KG,42.89,75.08,1584227928,74,47,41.0,6.71
514,Ust'-Omchug,RU,61.15,149.63,1584227928,100,91,-5.55,4.56
515,Pitimbu,BR,-7.47,-34.81,1584227929,64,74,82.4,9.17
516,Pampa,US,35.54,-100.96,1584227930,75,71,51.8,16.11
517,Dawei,MM,14.08,98.2,1584227932,46,65,80.29,5.08
518,Uvinza,TZ,-5.1,30.39,1584227932,93,97,64.72,0.51
519,Lufilufi,WS,-13.87,-171.6,1584227935,41,70,87.01,11.01
520,Partizanskoye,RU,55.5,94.39,1584227935,51,86,32.49,22.86
521,Ternate,ID,0.8,127.4,1584227936,100,77,78.64,2.35
522,Qinzhou,CN,21.95,108.62,1584227937,96,67,66.74,4.52
523,Iskateley,RU,67.68,53.15,1584227937,18,85,1.62,5.79
524,Gouré,NE,13.98,10.27,1584227938,100,17,73.0,5.01
525,Yuxia,CN,34.06,108.63,1584227938,6,69,48.99,2.24
526,Willimantic,US,41.71,-72.21,1584227939,1,42,50.0,10.29
527,Semey,KZ,50.41,80.23,1584227940,36,79,29.62,5.17
528,Olenegorsk,RU,68.15,33.3,1584227941,17,83,3.38,7.09
529,Murgab,TM,37.5,61.97,1584227941,90,41,60.8,11.41
530,Dumas,US,35.87,-101.97,1584227942,75,71,66.99,19.46
531,Yārāda,IN,17.65,83.27,1584227943,0,68,79.39,1.92
532,Varkaus,FI,62.32,27.87,1584227943,0,61,15.8,6.93
533,Marsh Harbour,BS,26.54,-77.06,1584227945,2,79,73.85,9.51
534,Thinadhoo,MV,0.53,72.93,1584227946,80,64,83.23,5.32
535,Zhigansk,RU,66.77,123.37,1584227832,100,95,-5.39,23.87
536,Krasnyy Yar,RU,46.53,48.35,1584227947,29,70,44.6,13.42
537,Bastrop,US,32.76,-91.87,1584227948,75,83,73.4,5.95
538,Khandyga,RU,62.67,135.6,1584227948,32,96,-14.71,3.2
539,Prince Rupert,CA,54.32,-130.32,1584227707,1,29,37.4,8.05
540,San Quintín,MX,30.48,-115.95,1584227950,34,70,62.2,11.83
541,Bangassou,CF,4.74,22.82,1584227951,85,59,77.11,2.53
542,Dire Dawa,ET,9.59,41.87,1584227951,97,81,63.45,1.43
543,Ipil,PH,7.75,122.52,1584227952,46,75,80.46,10.47
544,Tarazona,ES,41.9,-1.73,1584227953,0,70,50.0,3.36
545,Lodwar,KE,3.12,35.6,1584227953,56,45,86.61,9.48
546,Meadow Lake,US,34.8,-106.54,1584227955,40,26,63.0,9.17
547,Pringsewu,ID,-5.36,104.97,1584227955,83,96,73.56,1.88
548,Zhuhai,CN,22.28,113.57,1584227956,20,68,68.0,10.29
549,Buin,CL,-33.73,-70.75,1584227957,0,30,84.2,6.93
550,Pokhara,NP,28.23,83.98,1584227957,98,85,53.47,2.17
551,Beringovskiy,RU,63.05,179.32,1584227958,49,86,21.36,7.18
552,Kokopo,PG,-4.35,152.26,1584227705,100,74,84.47,16.37
553,Shache,CN,38.42,77.24,1584227960,21,33,41.32,5.17
554,Inhambane,MZ,-23.86,35.38,1584227960,0,82,77.63,6.55
555,Tarko-Sale,RU,64.92,77.78,1584227961,97,93,32.0,11.41
556,Olching,DE,48.2,11.33,1584227961,62,88,39.0,3.36
557,Rosa Zarate,EC,0.33,-79.47,1584227962,90,90,72.95,0.43
558,Jardinópolis,BR,-21.02,-47.76,1584227963,20,48,86.0,11.41
559,Yabēlo,ET,4.88,38.08,1584227964,84,69,68.18,3.04
560,Palana,RU,59.12,159.97,1584227964,100,85,18.21,24.18
561,Mossamedes,AO,-15.2,12.15,1584227965,99,76,76.66,5.37
562,Kīratpur,IN,29.52,78.2,1584227966,0,87,54.36,3.89
563,Monrovia,LR,6.3,-10.8,1584227966,20,88,82.4,7.36
564,Nueve de Julio,AR,-35.44,-60.88,1584227921,96,85,63.0,5.37
565,Blyth,GB,55.13,-1.51,1584227967,40,87,51.01,18.34
566,Harper,LR,4.38,-7.72,1584227969,79,94,77.31,4.03
567,Mattru,SL,7.62,-11.83,1584227970,83,84,79.81,3.56
568,Mahbūbābād,IN,17.62,80.02,1584227970,0,86,70.74,1.23
569,Broken Hill,AU,-31.95,141.43,1584227971,18,54,53.6,19.46
